Job_Title,Skills,Description
Python Developer,Python SQL Pandas NumPy,Develop Python applications and work with data
Data Analyst,Python SQL Excel PowerBI,Analyze data and create useful business insights
Machine Learning Engineer,Python Machine Learning Scikit-learn TensorFlow,Build and deploy machine learning models
Web Developer,HTML CSS JavaScript Flask,Develop and maintain web applications
Data Scientist,Python Statistics Machine Learning Pandas,Analyze complex data and build predictive models
Software Developer,Java Python SQL Git,Design develop and test software applications
AI Engineer,Python Machine Learning Deep Learning NLP,Develop artificial intelligence solutions
Database Administrator,SQL MySQL PostgreSQL Database,Manage and maintain databases
Cloud Engineer,AWS Python Linux Docker,Deploy and manage cloud infrastructure
Frontend Developer,HTML CSS JavaScript React,Build user interfaces for web applications